2,Koizumi,Trailored info,"Based on the context, ""Prime Minister Koizumi"" most likely refers to Junichiro Koizumi, who served as Prime Minister of Japan from 2001 to 2006. He comes from a prominent Japanese political family, with his father and son also serving as members of the Diet, Japan's national legislature. As Prime Minister during this period, Koizumi would have been involved in high-level discussions and decisions related to Japan's foreign policy, including issues surrounding North Korea's nuclear weapons program."
2,Roh,Trailored info,"Based on the context, ""Roh"" most likely refers to Roh Moo-hyun, who served as the 9th President of South Korea from 2003 to 2008. In the given text, President George W. Bush mentions having a phone conversation with ""President Roh"" regarding the situation with North Korea's rocket launches and the U.N. Security Council's response. This suggests that the ""Roh"" mentioned is the former South Korean president, as he would have been involved in diplomatic discussions concerning North Korea during his tenure."
2,Condi,Trailored info,"Condoleezza ""Condi"" Rice is an American diplomat and political scientist who served as the 66th United States Secretary of State from 2005 to 2009 under President George W. Bush. She was the first female African-American Secretary of State. Prior to that, she served as the 19th U.S. National Security Advisor from 2001 to 2005. In the context of the given text, Rice was actively involved in diplomatic efforts to address the North Korean nuclear issue, working alongside President Bush to rally world opinion and send a clear message to North Korea through the United Nations Security Council."
2,Vladimir Putin,Trailored info,"Vladimir Putin is the President of Russia, having served in that role from 2000 to 2008 and again since 2012. He also served as Russia's Prime Minister from 1999 to 2000 and from 2008 to 2012. In the context of the given text, Putin was part of a diplomatic effort in 2006 to address North Korea's nuclear weapons program and missile tests. The text mentions that then-U.S. President George W. Bush spoke with Putin and other world leaders like Chinese President Hu Jintao about presenting a unified message to North Korea through the UN Security Council."
2,Hu Jintao,Trailored info,"Hu Jintao is a Chinese politician who served as the paramount leader of China from 2002 to 2012. He held the top offices of General Secretary of the Chinese Communist Party (CCP), President of China, and Chairman of the Central Military Commission during this period. As the leader of China, Hu would have played a key role in coordinating with other world leaders, such as Vladimir Putin of Russia, on major international issues like the North Korean nuclear crisis mentioned in the given text."
3,Peter Wallsten,Trailored info,"Peter Wallsten is an American journalist who currently works as an accountability and enterprise editor at The New York Times. He previously served as a White House correspondent, likely during the time period the given text is from, which provides context for why he is asking the President a question about the Israeli-Lebanese conflict."
3,Siniora,Trailored info,Fouad Siniora is a Lebanese politician who served as the 12th Prime Minister of Lebanon from 2005 to 2009. He also previously held the position of Minister of Finance from 2000 to 2004.
3,Condi,Trailored info,"Condoleezza ""Condi"" Rice is an American diplomat who served as the 66th United States Secretary of State from 2005 to 2009 under President George W. Bush. She was the first female African-American Secretary of State. Prior to that, she served as the 19th U.S. National Security Advisor from 2001 to 2005. In the context of the given text, Rice is discussing the U.S. government's efforts to work with international partners to establish a cease-fire resolution and address the ongoing conflict between Israel and Hezbollah in Lebanon."
3,Olmert,Trailored info,"Ehud Olmert, born in 1945, is an Israeli politician who served as the 12th Prime Minister of Israel from January 4, 2006 to March 31, 2009. As the Israeli Prime Minister during the 2006 Lebanon War, Olmert would have been directly involved in the decision-making process regarding the Israeli air raid and the ongoing conflict with Hezbollah mentioned in the given text."
3,Hizballah,No name detected,
3,Peter,Not matched info,
3,Kofi Annan,Trailored info,"Kofi Annan was a Ghanaian diplomat who served as the seventh Secretary-General of the United Nations from 1997 to 2006. He was a co-recipient of the 2001 Nobel Peace Prize along with the UN. As Secretary-General, Annan worked on various international issues, including combating HIV/AIDS in Africa and launching the UN Global Compact. After his term, he continued to be involved in international affairs through his foundation and as a special representative for the UN in Syria during the civil war."
4,General Casey,Not matched info,
5,Hutcheson,Not matched info,
5,Mark,Not matched info,
5,Ken,No name detected,
6,Baker,Not matched info,
6,General Casey,Trailored info,"George W. Casey Jr. is a retired U.S. Army general who served as the Commanding General of Multi-National Force - Iraq from 2004 to 2007, during the Iraq War. He later served as the 36th Chief of Staff of the U.S. Army from 2007 to 2011, under the Obama administration."
6,Baker,Not matched info,
6,General Casey,Trailored info,"George W. Casey Jr. is a U.S. Army general who served as the Chief of Staff of the U.S. Army from 2007 to 2011 during the Obama administration. Prior to that, he was the commanding general of the Multi-National Force in Iraq from 2004 to 2007, overseeing U.S. military operations during the Iraq War."
6,Senator Warner,Trailored info,"John Warner, a former United States Senator from Virginia who served from 1979 to 2009. As a senior Republican member of the Senate Armed Services Committee, he was influential in shaping U.S. military policy, particularly during the Iraq War. In this context, Senator Warner likely made comments about adjusting strategy in Iraq if the current plan was not working."
6,Jim,Not matched info,
7,Speaker Berri,No wiki entry,
7,Siniora,No name detected,
7,Condi,Trailored info,"Condoleezza ""Condi"" Rice is an American diplomat and political scientist who served as the 66th United States Secretary of State from 2005 to 2009 under President George W. Bush. She was the first female African-American Secretary of State. Prior to that, she served as the 19th U.S. National Security Advisor from 2001 to 2005. As Secretary of State, Rice pioneered the policy of Transformational Diplomacy aimed at expanding responsible democratic governments worldwide, particularly in the Middle East."
7,Abbas,No name detected,
7,Nabih Berri,Trailored info,"Nabih Berri is a prominent Lebanese politician who has been serving as the Speaker of the Parliament of Lebanon since 1992. He is the leader of the Amal Movement, a Shi'a political party in Lebanon, and heads its parliamentary bloc, the Development and Liberation Bloc. As the Speaker of Parliament, Berri plays a significant role in Lebanon's political system and has been involved in negotiations on behalf of Hezbollah, another influential Shi'a political and military organization in Lebanon."
7,Suzanne,Not matched info,
7,Secretary Rice,Trailored info,"Condoleezza ""Condi"" Rice is an American diplomat and political scientist who served as the 66th United States Secretary of State from 2005 to 2009 under President George W. Bush. She was the first female African-American Secretary of State and previously served as the 19th U.S. National Security Advisor from 2001 to 2005. As Secretary of State, Rice pioneered the policy of Transformational Diplomacy aimed at expanding the number of responsible democratic governments worldwide, particularly in the Middle East."
8,Secretary Rice,Trailored info,"Condoleezza ""Condi"" Rice is an American diplomat and political scientist who served as the 66th United States Secretary of State from 2005 to 2009 under President George W. Bush. She was the first female African-American Secretary of State and previously served as the 19th U.S. National Security Advisor from 2001 to 2005. As Secretary of State, Rice pioneered the policy of Transformational Diplomacy aimed at expanding the number of responsible democratic governments in the world, particularly in the Middle East."
8,Abbas,Trailored info,"Mahmoud Abbas, also known as Abu Mazen, is the president of the Palestinian National Authority. He has been involved in peace negotiations with Israel and has been working towards establishing an independent Palestinian state. As the Palestinian leader, Abbas has met with Israeli leaders to discuss the peace process and the possibility of a two-state solution to the Israeli-Palestinian conflict."
8,Olmert,Not matched info,
8,Condi,Trailored info,"Condoleezza ""Condi"" Rice is an American diplomat and political scientist who served as the 66th United States Secretary of State from 2005 to 2009 under President George W. Bush. She was the first female African-American Secretary of State. Prior to that, she served as the 19th U.S. National Security Advisor from 2001 to 2005. As Secretary of State, Rice pioneered the policy of Transformational Diplomacy aimed at expanding the number of responsible democratic governments in the world, particularly in the Middle East."
10,Vladimir,Not matched info,
10,Steve Holland,No name detected,
10,Vladimir Putin,Trailored info,"Vladimir Putin is the President of Russia, having served multiple terms since 2000. He is a former KGB intelligence officer who rose to power after the resignation of President Boris Yeltsin. During his presidency, Putin has been involved in various military conflicts, including in Chechnya, Georgia, Ukraine, and Syria. His rule has been characterized by economic growth driven by reforms and high oil and gas prices, but also by allegations of authoritarianism, corruption, human rights violations, and suppression of political opposition and independent media. In the context of the given sentence, it is relevant to note that Putin has expressed concerns about NATO and disagreements with U.S. policies, despite potential for cooperation on issues like nuclear non-proliferation."
12,Abraham Lincoln,Trailored info,"Abraham Lincoln was the 16th president of the United States, serving from 1861 until his assassination in 1865. He led the country through the American Civil War, working to defeat the Confederate States and abolish slavery. Lincoln's presidency coincided with what some historians call the Second Great Awakening, a period of religious revival in the early to mid-19th century."
12,Herman,No name detected,
12,Mike,Not matched info,
12,Hutch,No name detected,
12,Laura,No name detected,
13,Vladimir,Not matched info,
13,George,Not matched info,
13,Dmitry Medvedev,Not matched info,
14,James Baker,Trailored info,"James Baker is a prominent American statesman who served in several high-level government positions, most notably as the 61st U.S. Secretary of State under President George H. W. Bush from 1989 to 1992. In 2006, Baker co-chaired the Iraq Study Group, a congressional panel formed to assess the situation in Iraq and the ongoing Iraq War. In the given context, Baker's suggestion that a change in strategy may be needed regarding Iraq is significant due to his experience and expertise in foreign policy, particularly his direct involvement in studying the Iraq War through the Iraq Study Group."
14,Jimmy Baker,Trailored info,"James Baker (born 1930) is an American attorney and statesman who served in senior government positions under three U.S. presidents. He was the White House Chief of Staff and Treasury Secretary under President Ronald Reagan, and Secretary of State and White House Chief of Staff under President George H. W. Bush. In 2006, Baker co-chaired the Iraq Study Group, a bipartisan panel tasked with assessing the situation in Iraq and making policy recommendations."
14,General Casey,Not matched info,
14,Steve,Not matched info,
14,Lee Hamilton,Trailored info,"Lee Hamilton is a former Democratic U.S. Representative who served Indiana's 9th congressional district from 1965 to 1999. After leaving Congress, he has been a member of various government advisory boards, most notably serving as the vice chairman of the 9/11 Commission. In the given context, Hamilton is mentioned as co-leading a group with James Baker to assess the situation in Iraq and make recommendations on U.S. strategy there."
14,man Wolf,No name detected,
14,Martha Raddatz,Trailored info,"Martha Raddatz is an American reporter and the Chief Global Affairs Correspondent for ABC News. She reports for various ABC broadcasts including World News Tonight with David Muir and Nightline. Raddatz also serves as co-anchor and primary fill-in anchor on This Week with George Stephanopoulos, demonstrating her role as a prominent journalist covering national and international news."
14,Baker,Not matched info,
14,Senator Warner,Not matched info,
15,Blair,Not matched info,
15,David Gregory,Trailored info,"David Gregory is an American television journalist who currently works for NBC News. He is the former moderator of the Sunday morning talk show Meet the Press, and has been a White House correspondent and host of other NBC programs. As a prominent journalist, Gregory has interviewed many political leaders and reported on major news events."
16,John McKinnon,Not matched info,
16,Mark,Not matched info,
17,Joe Lieberman,Trailored info,"Joe Lieberman was a United States Senator from Connecticut who served from 1989 to 2013. He was originally a member of the Democratic Party and was their nominee for Vice President in the 2000 presidential election, running alongside Al Gore. Lieberman and Gore narrowly lost that election to the Republican ticket of George W. Bush and Dick Cheney. During his final term in the Senate, Lieberman identified as an Independent Democrat and caucused with the Democratic Party."
17,Senator Joe Lieberman,Trailored info,"Senator Joe Lieberman was a United States Senator from Connecticut who served from 1989 to 2013. He was originally a member of the Democratic Party and was their nominee for Vice President in the 2000 presidential election, running alongside Al Gore. Lieberman and Gore narrowly lost that election to the Republican ticket of George W. Bush and Dick Cheney. In his final term in the Senate, Lieberman identified as an Independent Democrat and caucused with the Democratic Party. He was a supporter of the Iraq War."
18,Peter,Not matched info,
18,Peter,Trailored info,"Peter Baker is a journalist who works as the chief White House correspondent for The Washington Post newspaper. In the given context, President Bush calls on Baker during a press conference to ask a question about legislation related to detainees and the Geneva Conventions."
18,Sheryl,Trailored info,"Sheryl is the first name of a person, likely a journalist, who asked President Bush a question about detainee legislation and the administration's negotiations with lawmakers on Capitol Hill. The question pertains to a rebellion among some Republicans regarding the legislation and whether the President would veto the bill if it passes in the form approved by the Armed Services Committee."
18,Peter Baker,Trailored info,Peter Baker is a journalist who works as a White House correspondent for The Washington Post. He reports on and asks questions about the President's policies and actions.
20,Bush,Not matched info,
20,George Bush,Trailored info,"George W. Bush (born 1946) was the 43rd president of the United States, serving from 2001 to 2009. In this excerpt, President Bush is discussing the threat posed by Iran's nuclear program and the U.S. efforts to address it diplomatically, including through economic pressure and financial sanctions. He emphasizes his commitment to Israel's security and his belief that Iran remains a threat despite the findings of a recent National Intelligence Estimate (NIE) report."
20,Olmert,Not matched info,
20,Anne Gearan,No name detected,
21,Asad,Trailored info,"Bashar al-Assad is the president of Syria. As the leader of Syria, he has influence over regional issues such as the presence of Hamas and Hezbollah in his country, the flow of insurgents from Syria into Iraq, and Syria's involvement in Lebanon's political affairs. The context suggests a strained relationship between Assad and the speaker, who believes Assad has a destabilizing influence in the region, particularly in Lebanon."
23,Mark Riley,Trailored info,Mark Riley is an Australian television reporter who asked a question to U.S. President Obama and Australian Prime Minister Gillard at a press conference about the United States' commitment to the Asia-Pacific region in light of its fiscal pressures and the ongoing European debt crisis.
23,Gillard,Trailored info,"Julia Gillard was the 27th Prime Minister of Australia from 2010 to 2013, serving as the leader of the Australian Labor Party. She was the first woman to hold the position of Prime Minister in Australia. At the time the sentence was spoken, Gillard was the current Prime Minister and was participating in a joint press conference with U.S. President Barack Obama, where they discussed topics including the U.S. fiscal situation and its potential impact on U.S. initiatives in the Asia-Pacific region."
23,Sarkozy,Trailored info,"Nicolas Sarkozy is a French politician who served as President of France from 2007 to 2012. He faced several challenges during his presidency, including the 2008 financial crisis, the European sovereign debt crisis, and the Arab Spring. In the context of the given text, Sarkozy, along with German Chancellor Angela Merkel, is mentioned as a European leader trying to solve the ongoing debt crisis in Europe. As French President at the time, Sarkozy was directly involved in efforts to stabilize the European economy and preserve the euro as a common currency."
23,Obama,Trailored info,"Barack Obama was the 44th President of the United States from 2009 to 2017. As a sitting president, he would have been deeply involved in and concerned about major economic issues facing the U.S. and its allies during his tenure, such as the European debt crisis mentioned in the text. Obama advocated for the U.S. to play a leadership role in the Asia-Pacific region, seeing it as strategically and economically important."
23,Chancellor Merkel,Trailored info,"Chancellor Angela Merkel was the Chancellor of Germany from 2005 to 2021. She is a prominent European leader who played a central role in managing the 2008 financial crisis, the Euro area crisis, and negotiating the Treaty of Lisbon. Merkel's statement about Europe facing its toughest hour since World War II suggests the severity of the economic challenges and instability Europe was grappling with at the time."
25,Harper,No name detected,
26,Siniora,Trailored info,"Fouad Siniora is the Prime Minister of Lebanon, serving from 2005 to 2009. As the head of the Lebanese government, he plays a key role in the country's political affairs. Prior to becoming Prime Minister, Siniora served as Lebanon's Minister of Finance from 2000 to 2004."
26,Tony,No name detected,
28,Martha,Not matched info,
28,David Gregory,Trailored info,David Gregory is an American television journalist who served as the moderator of NBC News' Sunday morning talk show Meet the Press from 2008 to 2014. He was previously NBC News' Chief White House Correspondent during the presidency of George W. Bush. Gregory worked for NBC News from 1995 to 2014.
28,Saddam Hussein,Trailored info,"Saddam Hussein was the president of Iraq from 1979 until he was overthrown by a U.S.-led coalition in 2003. He was a controversial leader, accused of human rights abuses and mass killings, particularly against Shi'a and Kurdish Iraqis. In 1980, Saddam ordered the invasion of Iran, and later in 1990, he invaded Kuwait, leading to the Gulf War in 1991. The U.S. invaded Iraq in 2003, capturing Saddam and toppling his regime, claiming he had weapons of mass destruction and ties to al-Qaeda. Saddam was later convicted of crimes against humanity and executed in 2006."
28,Zarqawi,No name detected,
28,Dave,No name detected,
29,Javier,Not matched info,
29,Javier Solana,Trailored info,"Javier Solana is a Spanish politician who served as the European Union's High Representative for Common Foreign and Security Policy from 1999 to 2009. In this role, he was responsible for conducting the EU's foreign and security policy. The sentence mentions Solana's diplomatic efforts engaging in conversations with Iran's chief nuclear negotiator, Ali Larijani, regarding Iran's nuclear program."
29,Larijani,Trailored info,"Sadiq Larijani is an influential Iranian cleric and politician who has held key positions in Iran's government. From 2009 to 2019, he served as the chief justice of Iran, having been appointed by Supreme Leader Ali Khamenei. Larijani is considered one of Khamenei's closest aides and a potential successor to the Supreme Leader position. In the context of the given sentence, Larijani is mentioned as being in discussions with Javier Solana, the EU's representative, regarding Iran's nuclear program and the possibility of Iran verifiably suspending its uranium enrichment activities."
29,Putin,Trailored info,"Vladimir Putin is the President of Russia, who has been in power since 2000, serving as either President or Prime Minister. As the leader of Russia, he plays a key role in international issues such as Iran's nuclear program. In the context of the given text, President George W. Bush mentions talking to Putin about Iran, believing that Putin understands the dangers of Iran having nuclear weapons. However, Russia's stance on sanctions against Iran may be influenced by its economic interests, which can sometimes conflict with global security concerns."
29,Solana,No name detected,
30,Lee,Trailored info,"Lee Myung-bak is the President of South Korea. He is meeting with the President of the United States to discuss North Korea's recent belligerent actions and provocations. The two leaders are emphasizing a unified international response, including tougher sanctions and intercepting North Korean arms shipments at sea, to break the past pattern of rewarding North Korea's bad behavior."
32,Jim,Not matched info,
32,Senator Obama,Trailored info,"Senator Barack Obama was a U.S. senator representing Illinois from 2005 to 2008 and a candidate for president in the 2008 election, running against Republican nominee John McCain. As a prominent figure in the Democratic Party, he was seen as a potential alternative to McCain in the presidential race at the time the sentence was spoken."
32,McCain,Trailored info,"John McCain was a U.S. Senator from Arizona and the Republican nominee for President in the 2008 election. In the given context, he is mentioned as one of the candidates arguing out ideas related to issues like high gasoline prices, food prices, housing, and student loans during the 2008 presidential campaign."
32,Obama,Trailored info,"Barack Obama was a U.S. Senator from Illinois and the Democratic nominee for president in the 2008 election, running against Republican nominee John McCain. As a presidential candidate in 2008, Obama was a key figure in the context of this excerpt which references not jumping into the middle of the presidential campaign between him and McCain."
32,Senator McCain,Trailored info,"John McCain was a prominent American politician who served as a Senator from Arizona from 1987 until his death in 2018. He was the Republican Party's nominee in the 2008 U.S. presidential election, running against then-Senator Barack Obama. McCain was known for his reputation as a ""maverick"" in the Senate, willing to break with his party on certain issues such as campaign finance reform."
33,Joint Chiefs,No name detected,
33,Kelly O Donnell,No wiki entry,
33,Grand Ayatollah Ali al-Sistani,Trailored info,"Grand Ayatollah Ali al-Sistani is a prominent Twelver Shia Muslim religious leader and Islamic scholar based in Najaf, Iraq. He is considered one of the most influential figures in post-invasion Iraq, advocating for democratization, rule of law, Iraqi nationalism, and non-sectarianism. Al-Sistani has been a vocal critic of foreign interference in Iraqi affairs and has urged foreign actors not to impose their will on the Iraqi people. His support for a moderate coalition in Iraq's government is seen as a significant development in the country's political landscape."
33,Kelly,Not matched info,
33,Baker,Not matched info,
33,Sistani,Not matched info,
34,Sheryl Gay Stolberg,Trailored info,"Sheryl Gay Stolberg is an American journalist based in Washington, D.C., who currently covers health policy for The New York Times. She is a former Congressional correspondent and White House correspondent who covered Presidents George W. Bush and Barack Obama."
34,Jim,Not matched info,
