2,Koizumi,Tailored info,"Junichiro Koizumi was the Prime Minister of Japan from 2001 to 2006. He comes from a prominent Japanese political family, with his father and grandfather both serving as members of the Diet, Japan's national legislature. As Prime Minister, Koizumi would have been involved in high-level discussions and decision-making regarding Japan's foreign policy, including issues related to North Korea."
2,Roh,Not matched info,
2,Condi,Tailored info,"Condoleezza ""Condi"" Rice is an American diplomat and political scientist who served as the 66th United States Secretary of State from 2005 to 2009 and as the 19th U.S. National Security Advisor from 2001 to 2005 under President George W. Bush. As Secretary of State, she was the first female African-American to hold the position and was involved in shaping U.S. foreign policy, including diplomatic efforts related to North Korea's nuclear program."
2,Vladimir Putin,Tailored info,"Vladimir Putin is the President of Russia, having served in that role since 2012, with a previous term from 2000 to 2008. He also served as Russia's Prime Minister from 1999 to 2000 and again from 2008 to 2012. In the given context, President George W. Bush mentions speaking with Putin on the phone, along with other world leaders, to discuss a unified response at the United Nations Security Council regarding North Korea's rocket launch in defiance of international warnings."
2,Hu Jintao,Tailored info,"Hu Jintao is a prominent Chinese politician who served as the General Secretary of the Chinese Communist Party from 2002 to 2012 and as the President of China from 2003 to 2013. During his tenure as China's paramount leader, he held phone conversations with world leaders, including U.S. President George W. Bush, to address international issues such as North Korea's nuclear weapons program."
3,Peter Wallsten,Tailored info,Peter Wallsten is an American journalist currently working as an accountability and enterprise editor at The New York Times. He previously served as a White House correspondent.
3,Siniora,Tailored info,"Fouad Siniora is a Lebanese politician who served as the Prime Minister of Lebanon from 2005 to 2009, during the time period the given text appears to be discussing. In the text, Siniora is demanding a quick ceasefire after an Israeli air raid killed 40 people in Lebanon."
3,Condi,Tailored info,"Condoleezza ""Condi"" Rice is an American diplomat and political scientist who served as the 66th United States Secretary of State from 2005 to 2009 under President George W. Bush. She was the first female African-American Secretary of State. Prior to that, she served as the 19th U.S. National Security Advisor from 2001 to 2005. As Secretary of State, Rice was involved in shaping U.S. foreign policy in the Middle East, including efforts to resolve the conflict between Israel and Lebanon."
3,Olmert,No name detected,
3,Hizballah,No name detected,
3,Peter,No name detected,
3,Kofi Annan,No name detected,
4,General Casey,Not matched info,
5,Hutcheson,Not matched info,
5,Mark,Not matched info,
5,Ken,No name detected,
6,Baker,Not matched info,
6,General Casey,Not matched info,
6,Senator Warner,Not matched info,
6,Jim,Not matched info,
2,Koizumi,Not matched info,
2,Roh,Not matched info,
2,Condi,Tailored info,"Condoleezza ""Condi"" Rice served as the United States Secretary of State from 2005 to 2009 during President George W. Bush's administration. She was a key diplomatic figure in U.S. foreign relations, responsible for communicating and negotiating with foreign counterparts on behalf of the U.S. government. Prior to this role, she served as National Security Advisor from 2001 to 2005, making her a central figure in U.S. foreign policy and diplomatic efforts during the Bush administration."
2,Vladimir Putin,Tailored info,"Vladimir Putin is the President of Russia who has been the country's de facto leader since 2000. Having served multiple terms as president (2000-2008 and 2012-present) and as prime minister, he was a key international figure in diplomatic efforts regarding North Korea, particularly through Russia's involvement in the six-party talks aimed at addressing North Korea's nuclear weapons program. As one of the leaders of a major world power and permanent member of the UN Security Council, Putin's cooperation was essential in coordinating international responses to North Korean provocations."
2,Hu Jintao,Tailored info,"Hu Jintao was the President of China and leader of the Chinese Communist Party from 2002 to 2013. During his tenure, he focused on China's peaceful rise in international relations and pursued a diplomatic approach in foreign affairs. As one of the world's most powerful leaders at the time, he was a key figure in international negotiations, particularly regarding regional security issues in Asia."
3,Peter Wallsten,Tailored info,Peter Wallsten is an American journalist who served as a White House correspondent and later worked for The New York Times as an accountability and enterprise editor.
3,Siniora,Tailored info,"Fouad Siniora was the Prime Minister of Lebanon from 2005 to 2009, serving during the 2006 Israel-Lebanon conflict. As Lebanon's head of government during this period, he was a key figure in diplomatic negotiations regarding the cease-fire between Israel and Lebanon."
3,Condi,Tailored info,"Condoleezza ""Condi"" Rice served as the United States Secretary of State from 2005 to 2009 under President George W. Bush's administration. As Secretary of State, she was the nation's chief diplomat, responsible for foreign policy and international negotiations. Prior to this role, she served as U.S. National Security Advisor from 2001 to 2005, making her a key figure in American foreign policy during the period of Middle East conflicts, including negotiations involving Israel and Lebanon."
3,Olmert,Tailored info,"Ehud Olmert was the Prime Minister of Israel from January 2006 to March 2009. As Prime Minister during the 2006 Lebanon War, he was a key figure in discussions regarding the conflict between Israel and Hezbollah, and in diplomatic efforts to achieve a ceasefire."
3,Hizballah,No name detected,
3,Peter,Not matched info,
3,Kofi Annan,Tailored info,"Kofi Annan was the Secretary-General of the United Nations from 1997 to 2006, serving as the organization's top diplomat and administrator. As Secretary-General during this period of Middle East conflict, he played a key role in international diplomatic efforts and peace negotiations. He was known for his work in conflict resolution and received the Nobel Peace Prize in 2001 along with the UN for their efforts to create a more peaceful world."
